<?xml version="1.0" encoding="UTF-8"?>
<!--
Created with Free texture packer v0.6.7 http://free-tex-packer.com
-->
<TextureAtlas imagePath="正宗鸭脖.png" width="5400" height="2700">
  <SubTexture name="q0002" x="0" y="0"  width="540" height="675" frameX="-0" frameY="-0" frameWidth="540" frameHeight="675"/>
  <SubTexture name="q0003" x="0" y="675"  width="540" height="675" frameX="-0" frameY="-0" frameWidth="540" frameHeight="675"/>
  <SubTexture name="q0005" x="0" y="1350"  width="540" height="675" frameX="-0" frameY="-0" frameWidth="540" frameHeight="675"/>
  <SubTexture name="q0007" x="0" y="2025"  width="540" height="675" frameX="-0" frameY="-0" frameWidth="540" frameHeight="675"/>
  <SubTexture name="q0008" x="540" y="0"  width="540" height="675" frameX="-0" frameY="-0" frameWidth="540" frameHeight="675"/>
  <SubTexture name="q0009" x="540" y="675"  width="540" height="675" frameX="-0" frameY="-0" frameWidth="540" frameHeight="675"/>
  <SubTexture name="q0010" x="540" y="1350"  width="540" height="675" frameX="-0" frameY="-0" frameWidth="540" frameHeight="675"/>
  <SubTexture name="q0011" x="540" y="2025"  width="540" height="675" frameX="-0" frameY="-0" frameWidth="540" frameHeight="675"/>
  <SubTexture name="q0012" x="1080" y="0"  width="540" height="675" frameX="-0" frameY="-0" frameWidth="540" frameHeight="675"/>
  <SubTexture name="q0014" x="1080" y="675"  width="540" height="675" frameX="-0" frameY="-0" frameWidth="540" frameHeight="675"/>
  <SubTexture name="q0016" x="1080" y="1350"  width="540" height="675" frameX="-0" frameY="-0" frameWidth="540" frameHeight="675"/>
  <SubTexture name="q0017" x="1080" y="2025"  width="540" height="675" frameX="-0" frameY="-0" frameWidth="540" frameHeight="675"/>
  <SubTexture name="q0018" x="1620" y="0"  width="540" height="675" frameX="-0" frameY="-0" frameWidth="540" frameHeight="675"/>
  <SubTexture name="q0020" x="1620" y="675"  width="540" height="675" frameX="-0" frameY="-0" frameWidth="540" frameHeight="675"/>
  <SubTexture name="q0021" x="1620" y="1350"  width="540" height="675" frameX="-0" frameY="-0" frameWidth="540" frameHeight="675"/>
  <SubTexture name="q0022" x="1620" y="2025"  width="540" height="675" frameX="-0" frameY="-0" frameWidth="540" frameHeight="675"/>
  <SubTexture name="q0024" x="2160" y="0"  width="540" height="675" frameX="-0" frameY="-0" frameWidth="540" frameHeight="675"/>
  <SubTexture name="q0026" x="2160" y="675"  width="540" height="675" frameX="-0" frameY="-0" frameWidth="540" frameHeight="675"/>
  <SubTexture name="q0028" x="2160" y="1350"  width="540" height="675" frameX="-0" frameY="-0" frameWidth="540" frameHeight="675"/>
  <SubTexture name="q0030" x="2160" y="2025"  width="540" height="675" frameX="-0" frameY="-0" frameWidth="540" frameHeight="675"/>
  <SubTexture name="q0031" x="2700" y="0"  width="540" height="675" frameX="-0" frameY="-0" frameWidth="540" frameHeight="675"/>
  <SubTexture name="q0032" x="2700" y="675"  width="540" height="675" frameX="-0" frameY="-0" frameWidth="540" frameHeight="675"/>
  <SubTexture name="q0033" x="2700" y="1350"  width="540" height="675" frameX="-0" frameY="-0" frameWidth="540" frameHeight="675"/>
  <SubTexture name="q0034" x="2700" y="2025"  width="540" height="675" frameX="-0" frameY="-0" frameWidth="540" frameHeight="675"/>
  <SubTexture name="q0036" x="3240" y="0"  width="540" height="675" frameX="-0" frameY="-0" frameWidth="540" frameHeight="675"/>
  <SubTexture name="q0037" x="3780" y="0"  width="540" height="675" frameX="-0" frameY="-0" frameWidth="540" frameHeight="675"/>
  <SubTexture name="q0038" x="4320" y="0"  width="540" height="675" frameX="-0" frameY="-0" frameWidth="540" frameHeight="675"/>
  <SubTexture name="q0039" x="4860" y="0"  width="540" height="675" frameX="-0" frameY="-0" frameWidth="540" frameHeight="675"/>
  <SubTexture name="q0040" x="3240" y="675"  width="540" height="675" frameX="-0" frameY="-0" frameWidth="540" frameHeight="675"/>
  <SubTexture name="q0042" x="3240" y="1350"  width="540" height="675" frameX="-0" frameY="-0" frameWidth="540" frameHeight="675"/>
  <SubTexture name="q0044" x="3240" y="2025"  width="540" height="675" frameX="-0" frameY="-0" frameWidth="540" frameHeight="675"/>
  <SubTexture name="q0045" x="3780" y="675"  width="540" height="675" frameX="-0" frameY="-0" frameWidth="540" frameHeight="675"/>
  <SubTexture name="q0046" x="4320" y="675"  width="540" height="675" frameX="-0" frameY="-0" frameWidth="540" frameHeight="675"/>
  <SubTexture name="q0047" x="4860" y="675"  width="540" height="675" frameX="-0" frameY="-0" frameWidth="540" frameHeight="675"/>
  <SubTexture name="q0048" x="3780" y="1350"  width="540" height="675" frameX="-0" frameY="-0" frameWidth="540" frameHeight="675"/>
  <SubTexture name="q0050" x="3780" y="2025"  width="540" height="675" frameX="-0" frameY="-0" frameWidth="540" frameHeight="675"/>
  <SubTexture name="q0051" x="4320" y="1350"  width="540" height="675" frameX="-0" frameY="-0" frameWidth="540" frameHeight="675"/>
  <SubTexture name="q0053" x="4860" y="1350"  width="540" height="675" frameX="-0" frameY="-0" frameWidth="540" frameHeight="675"/>
  <SubTexture name="q0054" x="4320" y="2025"  width="540" height="675" frameX="-0" frameY="-0" frameWidth="540" frameHeight="675"/>
  <SubTexture name="q0055" x="4860" y="2025"  width="540" height="675" frameX="-0" frameY="-0" frameWidth="540" frameHeight="675"/>
  <SubTexture name="q0004" x="0" y="675"  width="540" height="675" frameX="-0" frameY="-0" frameWidth="540" frameHeight="675"/>
  <SubTexture name="q0006" x="0" y="1350"  width="540" height="675" frameX="-0" frameY="-0" frameWidth="540" frameHeight="675"/>
  <SubTexture name="q0013" x="1080" y="0"  width="540" height="675" frameX="-0" frameY="-0" frameWidth="540" frameHeight="675"/>
  <SubTexture name="q0015" x="1080" y="675"  width="540" height="675" frameX="-0" frameY="-0" frameWidth="540" frameHeight="675"/>
  <SubTexture name="q0019" x="1620" y="0"  width="540" height="675" frameX="-0" frameY="-0" frameWidth="540" frameHeight="675"/>
  <SubTexture name="q0023" x="1620" y="2025"  width="540" height="675" frameX="-0" frameY="-0" frameWidth="540" frameHeight="675"/>
  <SubTexture name="q0025" x="2160" y="0"  width="540" height="675" frameX="-0" frameY="-0" frameWidth="540" frameHeight="675"/>
  <SubTexture name="q0027" x="2160" y="675"  width="540" height="675" frameX="-0" frameY="-0" frameWidth="540" frameHeight="675"/>
  <SubTexture name="q0029" x="2160" y="1350"  width="540" height="675" frameX="-0" frameY="-0" frameWidth="540" frameHeight="675"/>
  <SubTexture name="q0035" x="2700" y="2025"  width="540" height="675" frameX="-0" frameY="-0" frameWidth="540" frameHeight="675"/>
  <SubTexture name="q0041" x="3240" y="675"  width="540" height="675" frameX="-0" frameY="-0" frameWidth="540" frameHeight="675"/>
  <SubTexture name="q0043" x="3240" y="1350"  width="540" height="675" frameX="-0" frameY="-0" frameWidth="540" frameHeight="675"/>
  <SubTexture name="q0049" x="3780" y="1350"  width="540" height="675" frameX="-0" frameY="-0" frameWidth="540" frameHeight="675"/>
  <SubTexture name="q0052" x="4320" y="1350"  width="540" height="675" frameX="-0" frameY="-0" frameWidth="540" frameHeight="675"/>
</TextureAtlas>